"Name","Activity type","Description"
"Gazi - Monday","",""

"Segment","Point","Latitude (deg)","Longitude (deg)","Altitude (m)","Bearing (deg)","Accuracy (m)","Speed (m/s)","Time","Power (W)","Cadence (rpm)","Heart rate (bpm)"
"1","1","37.977312","23.721382","124.08544921875","","24","","2013-11-04T18:30:53.520Z","","",""
"1","2","37.977376","23.721317","99.25968933105469","322.0","5.762","1.6175","2013-11-04T18:31:13.749Z","","",""
"1","3","37.977384","23.721309","98.98616027832031","322.0","7.364","1.4579","2013-11-04T18:31:14.768Z","","",""
"1","4","37.977381","23.721312","97.4187240600586","322.0","8","0.3804","2013-11-04T18:31:17.764Z","","",""
"1","5","37.977378","23.721315","94.01813507080078","","7.958","0.1783","2013-11-04T18:31:18.748Z","","",""
"1","6","37.977371","23.721322","87.37293243408203","","9.969","0.0567","2013-11-04T18:31:25.746Z","","",""
"1","7","37.977399","23.72129","87.3717041015625","319.0","10.044","0.9863","2013-11-04T18:31:26.761Z","","",""
"1","8","37.977451","23.721225","87.39892578125","316.0","5.96","0.3985","2013-11-04T18:31:32.728Z","","",""
"1","9","37.977449","23.721227","87.4004135131836","","5.775","0.1762","2013-11-04T18:31:33.738Z","","",""
"1","10","37.977447","23.721229","87.39967346191406","","5.733","0.0362","2013-11-04T18:31:34.742Z","","",""
"1","11","37.977456","23.721223","87.42182159423828","331.0","5.703","0.4096","2013-11-04T18:31:35.716Z","","",""
"1","12","37.977484","23.721191","87.61844635009766","316.0","5.707","0.3929","2013-11-04T18:31:41.709Z","","",""
"1","13","37.977483","23.721192","87.64093780517578","","5.71","0.2217","2013-11-04T18:31:42.708Z","","",""
"1","14","37.97748","23.721196","88.08859252929688","","7.811","0.0275","2013-11-04T18:31:49.725Z","","",""
"1","15","37.977471","23.721172","88.39954376220703","245.0","7.931","0.6611","2013-11-04T18:31:50.730Z","","",""
"1","16","37.97741","23.72109","89.10942840576172","219.0","7.984","1.7913","2013-11-04T18:31:57.730Z","","",""
"1","17","37.977394","23.721079","89.21593475341797","216.0","7.967","1.8312","2013-11-04T18:31:58.725Z","","",""
"1","18","37.977362","23.721089","89.46991729736328","","7.57","0.2352","2013-11-04T18:32:05.785Z","","",""
"1","19","37.977363","23.721089","89.49846649169922","","8.694","0.1508","2013-11-04T18:32:06.789Z","","",""
"1","20","37.977369","23.72109","89.84606170654297","","7.936","0.0031","2013-11-04T18:32:17.739Z","","",""
"1","21","37.977325","23.721085","89.8751449584961","186.0","7.978","1.3714","2013-11-04T18:32:18.765Z","","",""
"1","22","37.977236","23.721073","90.37359619140625","187.0","7.972","2.5577","2013-11-04T18:32:21.754Z","","",""
"1","23","37.977223","23.721071","90.3944320678711","187.0","7.951","2.2481","2013-11-04T18:32:22.738Z","","",""
"1","24","37.977148","23.721046","91.28240203857422","198.0","7.959","0.6795","2013-11-04T18:32:30.727Z","","",""
"1","25","37.977137","23.721033","91.38555908203125","212.0","6.382","0.9367","2013-11-04T18:32:31.711Z","","",""
"1","26","37.977156","23.720937","91.36448669433594","296.0","5.763","1.176","2013-11-04T18:32:42.709Z","","",""
"1","27","37.977163","23.720923","91.32318878173828","299.0","5.889","1.2093","2013-11-04T18:32:43.867Z","","",""
"1","28","37.977219","23.720849","90.78236389160156","315.0","11.135","1.2994","2013-11-04T18:32:50.711Z","","",""
"1","29","37.977228","23.720839","90.60188293457031","316.0","10.778","1.3081","2013-11-04T18:32:51.733Z","","",""
"1","30","37.977281","23.720753","89.14832305908203","311.0","5.741","1.3037","2013-11-04T18:32:59.707Z","","",""
"1","31","37.977289","23.720742","88.95835876464844","311.0","5.799","1.2714","2013-11-04T18:33:00.769Z","","",""
"1","32","37.977345","23.720658","87.94147491455078","313.0","7.938","1.1546","2013-11-04T18:33:08.767Z","","",""
"1","33","37.977354","23.720645","87.77484130859375","312.0","7.971","1.2595","2013-11-04T18:33:09.769Z","","",""
"1","34","37.977404","23.720554","87.23917388916016","306.0","7.967","1.7798","2013-11-04T18:33:14.770Z","","",""
"1","35","37.977413","23.720534","87.09486389160156","304.0","7.944","1.8659","2013-11-04T18:33:15.753Z","","",""
"1","36","37.977466","23.720444","86.98616790771484","307.0","7.573","1.6041","2013-11-04T18:33:21.758Z","","",""
"1","37","37.977473","23.720429","87.0054931640625","305.0","7.797","1.5939","2013-11-04T18:33:22.731Z","","",""
"1","38","37.977515","23.720337","86.83258819580078","294.0","7.453","0.873","2013-11-04T18:33:31.725Z","","",""
"1","39","37.977518","23.720329","86.90059661865234","295.0","8.673","0.8314","2013-11-04T18:33:32.753Z","","",""
"1","40","37.977504","23.72022","86.9478530883789","258.0","7.997","0.6518","2013-11-04T18:33:44.720Z","","",""
"1","41","37.977503","23.720214","86.95655059814453","256.0","7.973","0.6167","2013-11-04T18:33:45.710Z","","",""
"1","42","37.977483","23.720122","87.04571533203125","256.0","9.507","1.2897","2013-11-04T18:33:53.730Z","","",""
"1","43","37.977483","23.720102","87.1063461303711","261.0","9.799","1.4142","2013-11-04T18:33:54.709Z","","",""
"1","44","37.97749","23.719995","87.43335723876953","272.0","8.977","1.7276","2013-11-04T18:33:59.707Z","","",""
"1","45","37.977491","23.719975","87.42451477050781","273.0","8.48","1.7124","2013-11-04T18:34:00.755Z","","",""
"1","46","37.977497","23.719864","87.65347290039063","276.0","9.489","1.9088","2013-11-04T18:34:05.738Z","","",""
"1","47","37.977501","23.719841","87.715576171875","278.0","9.819","1.9289","2013-11-04T18:34:06.735Z","","",""
"1","48","37.977533","23.719741","87.0876693725586","287.0","7.945","1.3092","2013-11-04T18:34:13.733Z","","",""
"1","49","37.977533","23.719727","87.05989837646484","281.0","7.969","1.2912","2013-11-04T18:34:14.735Z","","",""
"1","50","37.977556","23.719623","86.9027328491211","286.0","8.849","1.2177","2013-11-04T18:34:21.727Z","","",""
"1","51","37.977557","23.719614","86.80216217041016","286.0","8.391","1.1178","2013-11-04T18:34:22.725Z","","",""
"1","52","37.977591","23.719511","87.196533203125","297.0","8.404","1.3549","2013-11-04T18:34:30.738Z","","",""
"1","53","37.977597","23.719494","87.52332305908203","297.0","8.14","1.4417","2013-11-04T18:34:31.726Z","","",""
"1","54","37.977622","23.71939","89.0978775024414","293.0","7.952","1.106","2013-11-04T18:34:39.725Z","","",""
"1","55","37.977628","23.719378","89.29888916015625","297.0","7.96","1.1348","2013-11-04T18:34:40.725Z","","",""
"1","56","37.977639","23.719275","90.90531158447266","272.0","9.078","0.7791","2013-11-04T18:34:50.709Z","","",""
"1","57","37.977641","23.719263","90.96515655517578","276.0","8.433","0.8518","2013-11-04T18:34:51.706Z","","",""
"1","58","37.977649","23.719168","91.23365783691406","277.0","5.74","1.3771","2013-11-04T18:34:58.706Z","","",""
"1","59","37.97765","23.719146","91.31388854980469","276.0","5.759","1.5596","2013-11-04T18:34:59.727Z","","",""
"1","60","37.977661","23.71904","91.44098663330078","277.0","7.752","1.5483","2013-11-04T18:35:05.756Z","","",""
"1","61","37.97766","23.719019","91.47532653808594","274.0","8.09","1.5791","2013-11-04T18:35:06.909Z","","",""
"1","62","37.977664","23.718911","91.33650970458984","279.0","7.941","1.4624","2013-11-04T18:35:12.745Z","","",""
"1","63","37.977671","23.718902","91.29296112060547","287.0","7.962","1.3108","2013-11-04T18:35:13.752Z","","",""
"1","64","37.977691","23.718794","89.37394714355469","271.0","7.987","1.0117","2013-11-04T18:35:26.760Z","","",""
"1","65","37.97769","23.718778","89.17990112304688","270.0","7.945","1.1386","2013-11-04T18:35:27.735Z","","",""
"1","66","37.977704","23.718671","87.70491027832031","281.0","7.908","1.1925","2013-11-04T18:35:36.718Z","","",""
"1","67","37.977707","23.718662","87.57839965820313","283.0","7.977","1.0737","2013-11-04T18:35:37.748Z","","",""
"1","68","37.977744","23.718574","87.45343017578125","293.0","7.947","1.5742","2013-11-04T18:35:43.730Z","","",""
"1","69","37.977747","23.718549","87.4352798461914","289.0","7.951","1.7424","2013-11-04T18:35:44.724Z","","",""
"1","70","37.977771","23.718455","87.18057250976563","291.0","7.93","1.6744","2013-11-04T18:35:49.708Z","","",""
"1","71","37.977777","23.718441","87.0179214477539","293.0","7.962","1.6026","2013-11-04T18:35:50.718Z","","",""
"1","72","37.977787","23.71833","84.69803619384766","275.0","5.718","1.2073","2013-11-04T18:35:58.702Z","","",""
"1","73","37.977788","23.718314","84.35595703125","276.0","5.732","1.2798","2013-11-04T18:35:59.711Z","","",""
"1","74","37.977802","23.718213","82.78337097167969","277.0","5.722","1.7164","2013-11-04T18:36:05.772Z","","",""
"1","75","37.977803","23.718191","82.56549835205078","276.0","5.744","1.7563","2013-11-04T18:36:06.800Z","","",""
"1","76","37.977835","23.718088","80.1919937133789","297.0","10.031","0.8536","2013-11-04T18:36:15.747Z","","",""
"1","77","37.977837","23.718082","79.81770324707031","297.0","10.095","0.7758","2013-11-04T18:36:16.767Z","","",""
"1","78","37.977862","23.717987","76.81458282470703","290.0","6.402","1.2205","2013-11-04T18:36:25.756Z","","",""
"1","79","37.977861","23.717963","76.55484771728516","279.0","5.903","1.4604","2013-11-04T18:36:26.763Z","","",""
"1","80","37.977856","23.717859","75.64115905761719","273.0","5.742","1.2952","2013-11-04T18:36:32.768Z","","",""
"1","81","37.977858","23.717849","75.47659301757813","276.0","5.703","1.1803","2013-11-04T18:36:33.745Z","","",""
"1","82","37.977891","23.717755","75.26377868652344","292.0","6.38","1.4788","2013-11-04T18:36:39.739Z","","",""
"1","83","37.977892","23.717739","75.34620666503906","288.0","5.897","1.4303","2013-11-04T18:36:40.748Z","","",""
"1","84","37.977877","23.717642","75.39608001708984","261.0","5.717","2.0455","2013-11-04T18:36:44.721Z","","",""
"1","85","37.977872","23.717624","75.40418243408203","259.0","5.734","1.8967","2013-11-04T18:36:45.737Z","","",""
"1","86","37.977874","23.717516","75.52643585205078","274.0","7.921","1.5102","2013-11-04T18:36:52.708Z","","",""
"1","87","37.977876","23.717496","75.5220947265625","275.0","7.929","1.578","2013-11-04T18:36:53.704Z","","",""
"1","88","37.977874","23.71741","75.34746551513672","269.0","7.956","1.8358","2013-11-04T18:36:57.704Z","","",""
"1","89","37.97787","23.717382","75.29069519042969","266.0","7.961","2.0249","2013-11-04T18:36:58.704Z","","",""
"1","90","37.977855","23.717312","74.5723648071289","249.0","9.967","0.4596","2013-11-04T18:37:06.750Z","","",""
"1","91","37.977855","23.717318","74.57624053955078","","10.053","0.2199","2013-11-04T18:37:07.771Z","","",""
"1","92","37.977854","23.717325","74.71395111083984","","5.989","0.1495","2013-11-04T18:37:11.782Z","","",""
"1","93","37.97785","23.717313","74.7354965209961","245.0","5.785","0.4616","2013-11-04T18:37:12.784Z","","",""
"1","94","37.977844","23.717215","74.74097442626953","264.0","5.738","1.2187","2013-11-04T18:37:21.766Z","","",""
"1","95","37.97784","23.717191","74.65998077392578","261.0","5.746","1.508","2013-11-04T18:37:22.787Z","","",""
"1","96","37.977822","23.717093","74.41854858398438","259.0","7.905","2.0649","2013-11-04T18:37:26.753Z","","",""
"1","97","37.977819","23.717074","74.34991455078125","258.0","7.962","1.9637","2013-11-04T18:37:27.768Z","","",""
"1","98","37.977812","23.716969","73.626220703125","267.0","7.934","1.6076","2013-11-04T18:37:33.743Z","","",""
"1","99","37.977813","23.71695","73.51569366455078","269.0","7.935","1.6356","2013-11-04T18:37:34.730Z","","",""
"1","100","37.977815","23.716838","74.24019622802734","271.0","5.987","1.0693","2013-11-04T18:37:42.729Z","","",""
"1","101","37.977817","23.716831","74.40401458740234","275.0","5.765","0.9072","2013-11-04T18:37:43.732Z","","",""
"1","102","37.977855","23.716733","76.61134338378906","261.0","10.015","0.8495","2013-11-04T18:38:01.775Z","","",""
"1","103","37.977854","23.716727","76.80482482910156","261.0","10.016","0.7674","2013-11-04T18:38:02.756Z","","",""
"1","104","37.977838","23.716629","78.5430679321289","259.0","10.043","1.3435","2013-11-04T18:38:09.754Z","","",""
"1","105","37.977836","23.716612","78.69798278808594","260.0","10.056","1.3751","2013-11-04T18:38:10.759Z","","",""
"1","106","37.977836","23.716498","79.82014465332031","270.0","10.052","1.4875","2013-11-04T18:38:17.754Z","","",""
"1","107","37.977836","23.716474","79.96866607666016","270.0","10.032","1.6564","2013-11-04T18:38:18.741Z","","",""
"1","108","37.977835","23.716372","80.70337677001953","270.0","8.785","1.9677","2013-11-04T18:38:22.741Z","","",""
"1","109","37.977835","23.716354","80.84465026855469","270.0","8.293","1.8628","2013-11-04T18:38:23.766Z","","",""
"1","110","37.977829","23.716255","82.98843383789063","264.0","7.944","1.2323","2013-11-04T18:38:31.730Z","","",""
"1","111","37.977826","23.71624","83.1119613647461","261.0","7.981","1.2633","2013-11-04T18:38:32.752Z","","",""
"1","112","37.977812","23.716136","83.2790298461914","263.0","5.732","1.8685","2013-11-04T18:38:37.741Z","","",""
"1","113","37.97781","23.716111","83.27556610107422","263.0","5.724","1.9967","2013-11-04T18:38:38.729Z","","",""
"1","114","37.977786","23.716014","83.1458511352539","250.0","6.279","1.3905","2013-11-04T18:38:44.736Z","","",""
"1","115","37.97778","23.716","83.11329650878906","248.0","5.874","1.395","2013-11-04T18:38:45.715Z","","",""
"1","116","37.977768","23.715889","83.05371856689453","267.0","5.899","1.7007","2013-11-04T18:38:51.714Z","","",""
"1","117","37.977771","23.715872","83.18190002441406","272.0","5.748","1.6393","2013-11-04T18:38:52.707Z","","",""
"1","118","37.977777","23.715758","84.10941314697266","271.0","5.737","1.3325","2013-11-04T18:38:59.718Z","","",""
"1","119","37.977777","23.71574","84.14727020263672","270.0","5.781","1.3773","2013-11-04T18:39:00.779Z","","",""
"1","120","37.977773","23.715642","84.4202880859375","268.0","6.761","1.4524","2013-11-04T18:39:06.771Z","","",""
"1","121","37.977773","23.715625","84.2761459350586","268.0","7.426","1.4799","2013-11-04T18:39:07.756Z","","",""
"1","122","37.977768","23.715519","84.03346252441406","266.0","7.952","1.5048","2013-11-04T18:39:13.749Z","","",""
"1","123","37.977767","23.715504","84.02700805664063","266.0","7.952","1.456","2013-11-04T18:39:14.749Z","","",""
"1","124","37.977761","23.715397","83.4005355834961","269.0","7.831","1.1421","2013-11-04T18:39:23.751Z","","",""
"1","125","37.977762","23.715386","83.3268051147461","270.0","7.927","1.0967","2013-11-04T18:39:24.742Z","","",""
"1","126","37.97777","23.715273","82.86830139160156","261.0","6.616","1.1075","2013-11-04T18:39:35.746Z","","",""
"1","127","37.977765","23.715256","82.91158294677734","257.0","5.971","1.2384","2013-11-04T18:39:36.755Z","","",""
"1","128","37.977837","23.715188","84.78133392333984","355.0","7.978","0.9028","2013-11-04T18:39:58.740Z","","",""
"1","129","37.977848","23.715185","84.89383697509766","353.0","7.976","1.0069","2013-11-04T18:39:59.743Z","","",""
"1","130","37.977928","23.715217","85.5831527709961","23.0","7.976","1.3111","2013-11-04T18:40:06.787Z","","",""
"1","131","37.977936","23.715222","85.59843444824219","23.0","8.848","1.2455","2013-11-04T18:40:07.771Z","","",""
"1","132","37.977958","23.715177","87.31221008300781","300.0","5.955","0.2609","2013-11-04T18:40:24.829Z","","",""
"1","133","37.977957","23.715176","87.32565307617188","","5.771","0.1821","2013-11-04T18:40:25.831Z","","",""
"1","134","37.97795","23.71518","87.5715103149414","","7.488","0.1906","2013-11-04T18:40:28.827Z","","",""
"1","135","37.977947","23.715186","87.89289855957031","139.0","7.829","0.3065","2013-11-04T18:40:29.838Z","","",""
"1","136","37.977935","23.715195","88.69281005859375","","6.742","0.244","2013-11-04T18:40:34.840Z","","",""
"1","137","37.977935","23.715192","88.71968078613281","","6.12","0.1506","2013-11-04T18:40:35.836Z","","",""
"1","138","37.977932","23.715192","89.62458801269531","","6.096","0.1606","2013-11-04T18:40:42.742Z","","",""
"1","139","37.977927","23.715192","89.71600341796875","181.0","5.858","0.2802","2013-11-04T18:40:43.767Z","","",""
"1","140","37.977917","23.715198","90.02555084228516","","6.766","0.2491","2013-11-04T18:40:47.764Z","","",""
"1","141","37.977917","23.715198","89.99738311767578","","6.092","0.1679","2013-11-04T18:40:48.726Z","","",""
"1","142","37.977928","23.715202","89.85701751708984","","6.789","0.2221","2013-11-04T18:40:55.756Z","","",""
"1","143","37.97793","23.715203","89.83638000488281","15.0","7.423","0.2539","2013-11-04T18:40:56.724Z","","",""
"1","144","37.977931","23.715206","89.80574035644531","","7.781","0.2259","2013-11-04T18:40:57.724Z","","",""
"1","145","37.977929","23.71521","89.77831268310547","","7.891","0.1982","2013-11-04T18:40:58.705Z","","",""
"1","146","37.977925","23.715214","89.74298095703125","","7.936","0.2358","2013-11-04T18:40:59.706Z","","",""
"1","147","37.977884","23.715293","89.02567291259766","119.0","10.196","1.0823","2013-11-04T18:41:11.755Z","","",""
"1","148","37.977882","23.715321","88.9200668334961","107.0","10.354","1.3959","2013-11-04T18:41:12.794Z","","",""
"1","149","37.977948","23.715328","87.75625610351563","329.0","9.835","1.5624","2013-11-04T18:41:24.729Z","","",""
"1","150","37.977972","23.715304","87.81859588623047","327.0","9.988","2.0358","2013-11-04T18:41:25.733Z","","",""
"1","151","37.978026","23.715254","87.83951568603516","325.0","8.807","2.7642","2013-11-04T18:41:27.748Z","","",""
"1","152","37.97805","23.715232","87.83946228027344","325.0","8.274","2.8817","2013-11-04T18:41:28.750Z","","",""
"1","153","37.978133","23.715193","87.866455078125","343.0","7.987","1.6038","2013-11-04T18:41:34.752Z","","",""
"1","154","37.978138","23.715198","87.89387512207031","351.0","6.391","1.2727","2013-11-04T18:41:35.732Z","","",""
"1","155","37.978184","23.715218","88.09542846679688","24.0","7.984","0.2625","2013-11-04T18:41:44.752Z","","",""
"1","156","37.978178","23.715221","88.07290649414063","","7.954","0.1369","2013-11-04T18:41:45.735Z","","",""
"1","157","37.978171","23.715227","88.09249877929688","134.0","7.94","0.3515","2013-11-04T18:41:46.716Z","","",""
"1","158","37.97819","23.715332","87.67550659179688","51.0","5.715","1.1524","2013-11-04T18:42:06.779Z","","",""
"1","159","37.978196","23.715342","87.66189575195313","52.0","5.719","1.1377","2013-11-04T18:42:07.784Z","","",""
"1","160","37.978266","23.715405","86.80419921875","30.0","7.947","1.2645","2013-11-04T18:42:15.792Z","","",""
"1","161","37.978282","23.715415","86.72278594970703","28.0","7.946","1.4743","2013-11-04T18:42:16.787Z","","",""
"1","162","37.978365","23.715442","85.72452545166016","17.0","6.776","1.0883","2013-11-04T18:42:23.768Z","","",""
"1","163","37.97837","23.715448","85.64261627197266","22.0","7.469","0.9888","2013-11-04T18:42:24.764Z","","",""
"1","164","37.978403","23.715539","86.6474609375","119.0","7.966","0.2987","2013-11-04T18:42:43.772Z","","",""
"1","165","37.978403","23.715538","86.63693237304688","","7.961","0.1897","2013-11-04T18:42:44.767Z","","",""
"1","166","37.978409","23.715533","86.4905776977539","","7.978","0.1259","2013-11-04T18:42:46.772Z","","",""
"1","167","37.978416","23.715529","86.48162841796875","337.0","7.951","0.3385","2013-11-04T18:42:47.756Z","","",""
"1","168","37.978461","23.71549","85.64419555664063","337.0","7.911","0.3012","2013-11-04T18:42:56.732Z","","",""
"1","169","37.97846","23.71549","85.63638305664063","","6.407","0.1943","2013-11-04T18:42:57.765Z","","",""
"1","170","37.978461","23.715485","85.61627197265625","","6.339","0.2044","2013-11-04T18:42:59.733Z","","",""
"1","171","37.978462","23.715479","85.60758209228516","287.0","5.97","0.2978","2013-11-04T18:43:00.816Z","","",""
"1","172","37.978435","23.71537","83.33506774902344","273.0","5.722","0.8242","2013-11-04T18:43:14.768Z","","",""
"1","173","37.978439","23.715349","83.17076110839844","280.0","5.706","1.202","2013-11-04T18:43:15.755Z","","",""
"1","174","37.978455","23.715241","82.14977264404297","281.0","9.427","1.3773","2013-11-04T18:43:21.752Z","","",""
"1","175","37.978454","23.715236","82.13029479980469","278.0","8.633","1.1211","2013-11-04T18:43:22.777Z","","",""
"1","176","37.978426","23.71513","81.78766632080078","258.0","7.95","1.7189","2013-11-04T18:43:28.747Z","","",""
"1","177","37.978428","23.715104","81.7208480834961","264.0","7.973","1.8512","2013-11-04T18:43:29.756Z","","",""
"1","178","37.978434","23.715009","81.39031219482422","272.0","7.947","1.9775","2013-11-04T18:43:33.739Z","","",""
"1","179","37.978435","23.714989","81.31864929199219","272.0","8.873","1.9107","2013-11-04T18:43:34.751Z","","",""
"1","180","37.978464","23.714894","80.98905181884766","290.0","10.023","1.4101","2013-11-04T18:43:41.733Z","","",""
"1","181","37.978471","23.714877","80.92459106445313","292.0","10.093","1.4776","2013-11-04T18:43:42.774Z","","",""
"1","182","37.978496","23.714779","81.1482162475586","280.0","7.986","1.1196","2013-11-04T18:43:50.714Z","","",""
"1","183","37.978493","23.714764","81.29429626464844","273.0","7.994","1.1481","2013-11-04T18:43:51.725Z","","",""
"1","184","37.978505","23.714695","82.27337646484375","296.0","8.787","0.2795","2013-11-04T18:44:02.737Z","","",""
"1","185","37.978505","23.714695","82.2841796875","","8.311","0.1978","2013-11-04T18:44:03.775Z","","",""
"1","186","37.978506","23.714692","82.31046295166016","","7.98","0.1674","2013-11-04T18:44:05.734Z","","",""
"1","187","37.978499","23.714684","82.45744323730469","240.0","7.964","0.3581","2013-11-04T18:44:06.726Z","","",""
"1","188","37.978511","23.714614","82.6031265258789","326.0","8.975","0.3197","2013-11-04T18:44:18.733Z","","",""
"1","189","37.97851","23.714619","82.51275634765625","","9.521","0.1545","2013-11-04T18:44:19.731Z","","",""
"1","190","37.978505","23.714627","82.42979431152344","","9.863","0.1926","2013-11-04T18:44:20.745Z","","",""
"1","191","37.978502","23.714636","82.42174530029297","107.0","9.983","0.3568","2013-11-04T18:44:21.730Z","","",""
"1","192","37.978553","23.714607","81.23541259765625","316.0","10.027","1.4132","2013-11-04T18:44:31.710Z","","",""
"1","193","37.978569","23.714558","81.04222869873047","304.0","10.042","2.1593","2013-11-04T18:44:32.712Z","","",""
"1","194","37.978593","23.714459","80.71125793457031","294.0","8.267","3.1191","2013-11-04T18:44:34.713Z","","",""
"1","195","37.978602","23.714426","80.53565979003906","292.0","8.06","3.1059","2013-11-04T18:44:35.712Z","","",""
"1","196","37.978626","23.714325","79.94097900390625","288.0","7.984","2.4296","2013-11-04T18:44:39.716Z","","",""
"1","197","37.978627","23.714301","79.81036376953125","284.0","7.976","2.3252","2013-11-04T18:44:40.711Z","","",""
"1","198","37.978608","23.714209","79.4822006225586","265.0","7.95","2.5976","2013-11-04T18:44:43.699Z","","",""
"1","199","37.978598","23.714174","79.39427185058594","260.0","7.977","2.7409","2013-11-04T18:44:44.714Z","","",""
"1","200","37.978583","23.714074","79.14229583740234","261.0","7.951","2.2685","2013-11-04T18:44:48.714Z","","",""
"1","201","37.978583","23.714057","79.12632751464844","264.0","7.955","2.0274","2013-11-04T18:44:49.708Z","","",""
"1","202","37.978617","23.713965","79.38629150390625","293.0","6.399","1.3203","2013-11-04T18:44:57.776Z","","",""
"1","203","37.978622","23.713948","79.51559448242188","293.0","7.068","1.3951","2013-11-04T18:44:58.775Z","","",""
"1","204","37.978637","23.713849","79.91315460205078","282.0","6.412","2.1598","2013-11-04T18:45:02.831Z","","",""
"1","205","37.978639","23.713819","79.99176788330078","280.0","5.908","2.3015","2013-11-04T18:45:03.832Z","","",""
"1","206","37.978633","23.713714","80.9518814086914","266.0","5.702","1.1452","2013-11-04T18:45:10.814Z","","",""
"1","207","37.978635","23.713703","81.05581665039063","271.0","5.729","1.0689","2013-11-04T18:45:11.834Z","","",""
"1","208","37.978681","23.713612","81.2095947265625","297.0","6.377","0.9812","2013-11-04T18:45:21.793Z","","",""
"1","209","37.978687","23.713599","81.12287902832031","299.0","5.884","1.079","2013-11-04T18:45:22.790Z","","",""
"1","210","37.978727","23.713505","79.90873718261719","272.0","8.218","0.669","2013-11-04T18:45:36.799Z","","",""
"1","211","37.978727","23.713487","79.79881286621094","273.0","8.028","0.9211","2013-11-04T18:45:37.788Z","","",""
"1","212","37.978735","23.713386","78.87882232666016","273.0","8.02","1.4007","2013-11-04T18:45:43.817Z","","",""
"1","213","37.978733","23.713366","78.80052947998047","270.0","7.949","1.5268","2013-11-04T18:45:44.225Z","","",""
"1","214","37.978721","23.713265","78.5838851928711","264.0","7.951","1.696","2013-11-04T18:45:49.207Z","","",""
"1","215","37.97872","23.713252","78.51725769042969","264.0","8.012","1.5137","2013-11-04T18:45:50.251Z","","",""
"1","216","37.978743","23.713144","78.02628326416016","294.0","16.18","0.532","2013-11-04T18:46:04.181Z","","",""
"1","217","37.978743","23.713141","78.01929473876953","293.0","18.399","0.485","2013-11-04T18:46:05.173Z","","",""
"1","218","37.978737","23.713149","77.96074676513672","","18.315","0.242","2013-11-04T18:46:06.177Z","","",""
"1","219","37.978729","23.713165","77.88955688476563","","18.089","0.1529","2013-11-04T18:46:07.172Z","","",""
"1","220","37.978725","23.713194","77.82994079589844","111.0","17.947","0.5059","2013-11-04T18:46:08.210Z","","",""
"1","221","37.97874","23.713267","77.7205581665039","84.0","17.517","1.3341","2013-11-04T18:46:10.164Z","","",""
"1","222","37.978761","23.713303","77.66561126708984","72.0","17.445","1.7269","2013-11-04T18:46:11.165Z","","",""
"1","223","37.978831","23.713348","76.07644653320313","47.0","17.41","2.3596","2013-11-04T18:46:13.172Z","","",""
"1","224","37.978879","23.713361","75.39545440673828","36.0","17.389","2.7754","2013-11-04T18:46:14.161Z","","",""
"1","225","37.978933","23.713375","75.19945526123047","28.0","17.524","3.2674","2013-11-04T18:46:15.216Z","","",""
"1","226","37.978984","23.713391","74.87076568603516","24.0","17.389","3.7393","2013-11-04T18:46:16.162Z","","",""
"1","227","37.979038","23.71341","74.84504699707031","21.0","17.475","4.1411","2013-11-04T18:46:17.187Z","","",""
"1","228","37.979089","23.713419","74.73951721191406","18.0","17.428","4.4141","2013-11-04T18:46:18.163Z","","",""
"1","229","37.979129","23.713337","74.70967102050781","354.0","14.313","2.8547","2013-11-04T18:46:21.160Z","","",""
"1","230","37.979123","23.713304","74.65482330322266","340.0","14.086","2.3033","2013-11-04T18:46:22.159Z","","",""
"1","231","37.9791","23.713231","74.5601577758789","299.0","13.933","1.9362","2013-11-04T18:46:24.148Z","","",""
"1","232","37.979088","23.713184","74.50346374511719","282.0","13.97","2.223","2013-11-04T18:46:25.168Z","","",""
"1","233","37.979066","23.713098","74.30435943603516","267.0","13.949","2.7659","2013-11-04T18:46:27.157Z","","",""
"1","234","37.979058","23.713062","74.19163513183594","264.0","13.963","2.8475","2013-11-04T18:46:28.167Z","","",""
"1","235","37.97902","23.712978","73.89860534667969","250.0","10.739","2.3286","2013-11-04T18:46:32.173Z","","",""
"1","236","37.979003","23.712959","73.83594512939453","243.0","10.292","2.3178","2013-11-04T18:46:33.156Z","","",""
"1","237","37.978921","23.71292","73.73844909667969","213.0","10.104","2.2302","2013-11-04T18:46:37.156Z","","",""
"1","238","37.978903","23.712913","73.71670532226563","210.0","10.087","2.1802","2013-11-04T18:46:38.150Z","","",""
"1","239","37.978833","23.712864","73.58982849121094","212.0","10.082","1.5429","2013-11-04T18:46:44.163Z","","",""
"1","240","37.978824","23.712856","73.55641174316406","212.0","10.106","1.4442","2013-11-04T18:46:45.187Z","","",""
"1","241","37.978767","23.71278","73.05409240722656","238.0","8.259","1.1325","2013-11-04T18:46:54.163Z","","",""
"1","242","37.978762","23.712763","73.04789733886719","243.0","8.055","1.2381","2013-11-04T18:46:55.160Z","","",""
"1","243","37.978754","23.712683","72.71134185791016","","7.905","0.2435","2013-11-04T18:47:11.195Z","","",""
"1","244","37.978754","23.712682","72.7153091430664","","6.387","0.1796","2013-11-04T18:47:12.202Z","","",""
"1","245","37.978758","23.712686","72.78250885009766","","8.961","0.2082","2013-11-04T18:47:14.188Z","","",""
"1","246","37.978761","23.712687","72.8742904663086","27.0","8.526","0.2683","2013-11-04T18:47:15.199Z","","",""
"1","247","37.978757","23.712715","73.70748901367188","99.0","8.142","0.3377","2013-11-04T18:47:21.184Z","","",""
"1","248","37.978757","23.712712","73.86756896972656","","8.056","0.1657","2013-11-04T18:47:22.208Z","","",""
"1","249","37.978758","23.712704","74.03861236572266","","7.944","0.0748","2013-11-04T18:47:23.167Z","","",""
"1","250","37.978759","23.712694","74.23125457763672","280.0","7.957","0.3026","2013-11-04T18:47:24.172Z","","",""
"1","251","37.97873","23.712586","76.13153076171875","195.0","8.993","0.5662","2013-11-04T18:47:40.159Z","","",""
"1","252","37.978721","23.712582","76.52315521240234","197.0","8.533","0.7143","2013-11-04T18:47:41.174Z","","",""
"1","253","37.978666","23.712567","77.39064025878906","192.0","5.732","0.3484","2013-11-04T18:47:58.224Z","","",""
"1","254","37.978667","23.712565","77.60926818847656","","5.692","0.2196","2013-11-04T18:47:59.195Z","","",""
"1","255","37.978677","23.712566","77.65181732177734","","5.771","0.223","2013-11-04T18:48:01.303Z","","",""
"1","256","37.978681","23.712568","77.67427062988281","9.0","5.728","0.3195","2013-11-04T18:48:02.286Z","","",""
"1","257","37.978715","23.712613","78.5511703491211","","8.014","0.2473","2013-11-04T18:48:16.304Z","","",""
"1","258","37.978714","23.712611","78.56102752685547","","7.942","0.1349","2013-11-04T18:48:17.265Z","","",""
"1","259","37.978712","23.712606","78.6944351196289","","7.933","0.1036","2013-11-04T18:48:18.245Z","","",""
"1","260","37.978709","23.7126","78.8161849975586","","7.966","0.2392","2013-11-04T18:48:19.258Z","","",""
"1","261","37.978731","23.712706","78.57063293457031","80.0","5.729","0.3679","2013-11-04T18:48:50.157Z","","",""
"1","262","37.978735","23.71271","78.23505401611328","62.0","5.718","0.3967","2013-11-04T18:48:51.150Z","","",""
"1","263","37.978749","23.712727","77.12142944335938","","7.466","0.2259","2013-11-04T18:48:58.170Z","","",""
"1","264","37.978749","23.712727","76.85144805908203","","7.783","0.1409","2013-11-04T18:48:59.165Z","","",""
"1","265","37.978749","23.712714","75.95709991455078","","7.955","0.2091","2013-11-04T18:49:03.194Z","","",""
"1","266","37.978749","23.712709","75.93080139160156","280.0","7.955","0.2724","2013-11-04T18:49:04.193Z","","",""
"1","267","37.978748","23.712707","75.58914947509766","","8.892","0.243","2013-11-04T18:49:05.214Z","","",""
"1","268","37.978745","23.712708","75.19615936279297","","9.453","0.1855","2013-11-04T18:49:06.191Z","","",""
"1","269","37.97874","23.712709","74.77140808105469","","9.801","0.2321","2013-11-04T18:49:07.192Z","","",""
"1","270","37.978706","23.712624","71.91567993164063","200.0","5.746","0.252","2013-11-04T18:49:24.190Z","","",""
"1","271","37.978705","23.712628","71.90160369873047","","5.726","0.1887","2013-11-04T18:49:25.177Z","","",""
"1","272","37.978704","23.712634","71.87515258789063","","6.764","0.213","2013-11-04T18:49:27.177Z","","",""
"1","273","37.978705","23.712638","71.75093841552734","","7.446","0.2287","2013-11-04T18:49:28.175Z","","",""
"1","274","37.978714","23.71265","71.73499298095703","54.0","6.519","0.2806","2013-11-04T18:49:32.172Z","","",""
"1","275","37.978714","23.712649","71.73328399658203","","5.908","0.1744","2013-11-04T18:49:33.166Z","","",""
"1","276","37.97871","23.712641","71.73713684082031","","4.844","0.1812","2013-11-04T18:49:36.152Z","","",""
"1","277","37.978708","23.712637","71.7406005859375","244.0","4.588","0.2818","2013-11-04T18:49:37.156Z","","",""
"1","278","37.978706","23.712629","71.75255584716797","251.0","4.514","0.3171","2013-11-04T18:49:39.153Z","","",""
"1","279","37.978707","23.712629","71.85235595703125","","4.514","0.1832","2013-11-04T18:49:40.157Z","","",""
"1","280","37.978712","23.712637","71.88790130615234","","5.688","0.2105","2013-11-04T18:49:43.188Z","","",""
"1","281","37.978714","23.71264","71.89920043945313","52.0","5.678","0.2688","2013-11-04T18:49:44.155Z","","",""
"1","282","37.978716","23.712643","71.91108703613281","54.0","5.718","0.2745","2013-11-04T18:49:45.178Z","","",""
"1","283","37.978715","23.712643","72.02324676513672","","5.685","0.1785","2013-11-04T18:49:46.153Z","","",""
"1","284","37.978714","23.712633","72.15288543701172","","5.708","0.1916","2013-11-04T18:49:49.153Z","","",""
"1","285","37.978716","23.712627","72.23716735839844","282.0","5.711","0.3116","2013-11-04T18:49:50.152Z","","",""
"1","286","37.978708","23.712601","72.63528442382813","213.0","5.699","0.2513","2013-11-04T18:49:58.114Z","","",""
"1","287","37.978706","23.712606","72.78484344482422","","5.725","0.2209","2013-11-04T18:49:59.132Z","","",""
"1","288","37.978705","23.71261","72.9215316772461","137.0","5.758","0.2521","2013-11-04T18:50:00.175Z","","",""
"1","289","37.978704","23.712613","72.93535614013672","133.0","5.765","0.2512","2013-11-04T18:50:01.206Z","","",""
"1","290","37.978702","23.712614","72.94874572753906","","5.741","0.2202","2013-11-04T18:50:02.207Z","","",""
"1","291","37.978699","23.712613","73.09142303466797","","5.717","0.2386","2013-11-04T18:50:03.192Z","","",""
"1","292","37.978642","23.712625","73.95801544189453","163.0","5.742","0.2751","2013-11-04T18:50:19.199Z","","",""
"1","293","37.978643","23.712624","73.96646118164063","","5.701","0.1588","2013-11-04T18:50:20.171Z","","",""
"1","294","37.97865","23.71262","73.99340057373047","","6.275","0.1852","2013-11-04T18:50:23.170Z","","",""
"1","295","37.978656","23.71262","74.07903289794922","349.0","5.901","0.3276","2013-11-04T18:50:24.182Z","","",""
"1","296","37.978682","23.712634","74.31936645507813","34.0","4.813","0.2745","2013-11-04T18:50:32.156Z","","",""
"1","297","37.978683","23.712634","74.33280181884766","","4.57","0.2104","2013-11-04T18:50:33.156Z","","",""
"1","298","37.978689","23.712636","74.43708038330078","","5.181","0.1402","2013-11-04T18:50:40.176Z","","",""
"1","299","37.978693","23.712636","74.59454345703125","","4.719","0.2366","2013-11-04T18:50:41.160Z","","",""
"1","300","37.978708","23.712644","75.05836486816406","24.0","5.669","0.3113","2013-11-04T18:50:46.149Z","","",""
"1","301","37.978708","23.712645","75.06839752197266","","5.71","0.2041","2013-11-04T18:50:47.158Z","","",""
"1","302","37.9787","23.712638","75.09879302978516","","6.953","0.1953","2013-11-04T18:50:51.650Z","","",""
"1","303","37.978697","23.712636","75.10199737548828","","7.568","0.2269","2013-11-04T18:50:52.687Z","","",""
"1","304","37.978692","23.712634","75.13032531738281","206.0","5.851","0.2744","2013-11-04T18:50:54.635Z","","",""
"1","305","37.978692","23.712634","75.06483459472656","","5.74","0.154","2013-11-04T18:50:55.641Z","","",""
"1","306","37.978693","23.712629","74.97362518310547","","7.778","0.1412","2013-11-04T18:50:58.644Z","","",""
"1","307","37.978693","23.712623","74.9680404663086","","6.417","0.2408","2013-11-04T18:50:59.716Z","","",""
"1","308","37.978686","23.712576","74.92762756347656","","5.712","0.2277","2013-11-04T18:51:08.731Z","","",""
"1","309","37.978685","23.71258","74.9297103881836","","5.713","0.1501","2013-11-04T18:51:09.734Z","","",""
"1","310","37.978683","23.712584","74.93236541748047","","5.719","0.1966","2013-11-04T18:51:10.739Z","","",""
"1","311","37.978682","23.712587","74.93733215332031","","5.722","0.2321","2013-11-04T18:51:11.745Z","","",""
"1","312","37.978681","23.712602","75.02957916259766","","7.399","0.2416","2013-11-04T18:51:16.709Z","","",""
"1","313","37.978682","23.712602","75.02703857421875","","7.764","0.1715","2013-11-04T18:51:17.712Z","","",""
"1","314","37.978684","23.712592","75.01830291748047","","5.886","0.1616","2013-11-04T18:51:19.712Z","","",""
"1","315","37.978683","23.712584","74.97068786621094","269.0","5.743","0.331","2013-11-04T18:51:20.712Z","","",""
"1","316","37.978668","23.712553","74.74794006347656","233.0","5.725","0.3424","2013-11-04T18:51:26.701Z","","",""
"1","317","37.978668","23.712556","74.82316589355469","","5.719","0.172","2013-11-04T18:51:27.702Z","","",""
"1","318","37.978672","23.712567","75.02478790283203","","6.701","0.2097","2013-11-04T18:51:30.631Z","","",""
"1","319","37.978674","23.712574","75.15331268310547","73.0","6.091","0.3364","2013-11-04T18:51:31.625Z","","",""
"1","320","37.978676","23.712593","75.39591217041016","93.0","5.753","0.2776","2013-11-04T18:51:36.641Z","","",""
"1","321","37.978675","23.712593","75.42034149169922","","5.732","0.196","2013-11-04T18:51:37.650Z","","",""
"1","322","37.97867","23.712578","75.64444732666016","","5.712","0.2233","2013-11-04T18:51:43.624Z","","",""
"1","323","37.978668","23.712574","75.65752410888672","240.0","5.707","0.2725","2013-11-04T18:51:44.618Z","","",""
"1","324","37.978668","23.712535","75.72381591796875","273.0","8.165","0.3614","2013-11-04T18:51:52.611Z","","",""
"1","325","37.978665","23.712538","75.73123931884766","","6.495","0.2134","2013-11-04T18:51:53.610Z","","",""
"1","326","37.978657","23.712537","75.83807373046875","206.0","5.961","0.3776","2013-11-04T18:51:54.636Z","","",""
"1","327","37.978639","23.712545","75.97488403320313","149.0","5.733","0.2848","2013-11-04T18:51:59.611Z","","",""
"1","328","37.978639","23.712547","75.98217010498047","","5.782","0.2117","2013-11-04T18:52:00.674Z","","",""
"1","329","37.978637","23.712555","76.35165405273438","","5.715","0.2142","2013-11-04T18:52:04.655Z","","",""
"1","330","37.978636","23.712558","76.5769271850586","120.0","5.713","0.2511","2013-11-04T18:52:05.653Z","","",""
"1","331","37.978675","23.712581","77.00138854980469","","5.718","0.2336","2013-11-04T18:52:15.662Z","","",""
"1","332","37.978675","23.712581","77.00257110595703","","5.712","0.1648","2013-11-04T18:52:16.656Z","","",""
"1","333","37.978677","23.712578","77.53426361083984","","5.699","0.1562","2013-11-04T18:52:30.638Z","","",""
"1","334","37.978679","23.712569","77.76397705078125","282.0","5.715","0.3831","2013-11-04T18:52:31.650Z","","",""
"1","335","37.978682","23.712549","77.9622802734375","279.0","5.723","0.299","2013-11-04T18:52:35.646Z","","",""
"1","336","37.978682","23.712549","77.98712921142578","","5.705","0.2034","2013-11-04T18:52:36.633Z","","",""
"1","337","37.978688","23.712548","78.31011962890625","","5.706","0.1833","2013-11-04T18:52:40.633Z","","",""
"1","338","37.978692","23.712547","78.47889709472656","345.0","5.709","0.3004","2013-11-04T18:52:41.631Z","","",""
"1","339","37.978742","23.712552","79.0879135131836","","5.698","0.2353","2013-11-04T18:52:50.616Z","","",""
"1","340","37.978738","23.712549","79.1354751586914","","5.706","0.0498","2013-11-04T18:52:51.614Z","","",""
"1","341","37.978736","23.712543","79.12958526611328","","5.723","0.2371","2013-11-04T18:52:52.628Z","","",""
"1","342","37.978757","23.712444","78.8814926147461","283.0","8.234","0.2639","2013-11-04T18:53:08.652Z","","",""
"1","343","37.978756","23.712445","78.8782958984375","","8.12","0.163","2013-11-04T18:53:09.728Z","","",""
"1","344","37.978755","23.712439","78.85015869140625","263.0","6.376","0.2749","2013-11-04T18:53:10.655Z","","",""
"1","345","37.978802","23.712343","79.62065887451172","271.0","7.954","0.4719","2013-11-04T18:53:28.645Z","","",""
"1","346","37.9788","23.71234","79.61792755126953","263.0","8.875","0.42","2013-11-04T18:53:29.643Z","","",""
"1","347","37.978796","23.712339","79.60765838623047","241.0","8.642","0.2637","2013-11-04T18:53:31.652Z","","",""
"1","348","37.978796","23.712339","79.60446166992188","","8.2","0.2119","2013-11-04T18:53:32.631Z","","",""
"1","349","37.978796","23.712335","79.5635757446289","","8.072","0.2391","2013-11-04T18:53:33.666Z","","",""
"1","350","37.978821","23.712231","79.0348892211914","278.0","7.971","1.0394","2013-11-04T18:53:45.690Z","","",""
"1","351","37.97882","23.71221","79.06733703613281","273.0","7.969","1.276","2013-11-04T18:53:46.691Z","","",""
"1","352","37.978821","23.712101","78.79894256591797","269.0","8.054","1.4454","2013-11-04T18:53:53.720Z","","",""
"1","353","37.978817","23.712078","78.74911499023438","265.0","7.978","1.6068","2013-11-04T18:53:54.712Z","","",""
"1","354","37.978796","23.711983","78.63595581054688","259.0","7.969","1.649","2013-11-04T18:53:59.683Z","","",""
"1","355","37.978798","23.711962","78.54931640625","265.0","8.014","1.6701","2013-11-04T18:54:00.721Z","","",""
"1","356","37.978821","23.711862","76.74734497070313","289.0","7.923","0.9987","2013-11-04T18:54:10.647Z","","",""
"1","357","37.978823","23.711852","76.55884552001953","289.0","7.957","0.975","2013-11-04T18:54:11.659Z","","",""
"1","358","37.978891","23.711784","75.3237075805664","342.0","8.295","0.5051","2013-11-04T18:54:26.626Z","","",""
"1","359","37.978897","23.711777","75.44715118408203","334.0","8.083","0.5903","2013-11-04T18:54:27.631Z","","",""
"1","360","37.978951","23.711699","72.75389862060547","297.0","7.262","0.723","2013-11-04T18:54:42.614Z","","",""
"1","361","37.978954","23.711687","72.27555847167969","295.0","7.599","0.8535","2013-11-04T18:54:43.591Z","","",""
"1","362","37.978994","23.711593","69.41413116455078","300.0","6.778","1.3383","2013-11-04T18:54:50.580Z","","",""
"1","363","37.979","23.711583","69.10934448242188","301.0","7.486","1.244","2013-11-04T18:54:51.587Z","","",""
"1","364","37.979035","23.711627","66.72808074951172","48.0","8.847","0.3021","2013-11-04T18:55:07.642Z","","",""
"1","365","37.979037","23.711624","66.57615661621094","","9.5","0.2193","2013-11-04T18:55:08.659Z","","",""
"1","366","37.979038","23.711618","66.43280029296875","","9.802","0.198","2013-11-04T18:55:09.641Z","","",""
"1","367","37.97904","23.711612","66.3119125366211","313.0","9.955","0.2621","2013-11-04T18:55:10.635Z","","",""
"1","368","37.979044","23.711587","66.00334930419922","","10.03","0.2339","2013-11-04T18:55:17.630Z","","",""
"1","369","37.979044","23.711587","65.9946060180664","","10.04","0.1661","2013-11-04T18:55:18.629Z","","",""
"1","370","37.979047","23.711591","65.6278305053711","","13.77","0.0974","2013-11-04T18:55:23.630Z","","",""
"1","371","37.979055","23.711588","65.54873657226563","347.0","9.854","0.2753","2013-11-04T18:55:24.628Z","","",""
"1","372","37.978972","23.711582","65.28489685058594","167.0","7.961","1.2164","2013-11-04T18:55:39.605Z","","",""
"1","373","37.978961","23.711585","65.28572082519531","167.0","7.97","1.2322","2013-11-04T18:55:40.606Z","","",""
"1","374","37.97893","23.711587","65.27230834960938","159.0","7.968","0.2599","2013-11-04T18:55:50.614Z","","",""
"1","375","37.97893","23.711589","65.277099609375","","7.975","0.2065","2013-11-04T18:55:51.619Z","","",""
"1","376","37.978935","23.711586","65.4024429321289","","7.948","0.0784","2013-11-04T18:55:55.588Z","","",""
"1","377","37.978931","23.711573","65.56550598144531","261.0","6.407","0.3611","2013-11-04T18:55:56.612Z","","",""
"1","378","37.978842","23.711583","66.3961181640625","157.0","8.412","1.3015","2013-11-04T18:56:07.667Z","","",""
"1","379","37.978833","23.711588","66.68291473388672","156.0","8.162","1.2369","2013-11-04T18:56:08.661Z","","",""
"1","380","37.978817","23.711605","69.32066345214844","138.0","7.984","0.2515","2013-11-04T18:56:16.648Z","","",""
"1","381","37.978819","23.711604","69.37511444091797","","7.949","0.1186","2013-11-04T18:56:17.626Z","","",""
"1","382","37.978827","23.711601","69.48174285888672","","7.954","0.1933","2013-11-04T18:56:19.626Z","","",""
"1","383","37.97883","23.7116","69.53045654296875","","7.997","0.2283","2013-11-04T18:56:20.655Z","","",""
"1","384","37.978831","23.711595","70.02877044677734","","7.961","0.2229","2013-11-04T18:56:21.639Z","","",""
"1","385","37.978837","23.711597","71.73975372314453","","8.037","0.2044","2013-11-04T18:56:30.624Z","","",""
"1","386","37.978838","23.711602","71.78167724609375","62.0","8.046","0.2632","2013-11-04T18:56:32.062Z","","",""
"1","387","37.97884","23.711615","72.36771392822266","80.0","7.967","0.2819","2013-11-04T18:56:36.014Z","","",""
"1","388","37.978837","23.711614","72.67411804199219","","7.959","0.178","2013-11-04T18:56:37.006Z","","",""
"1","389","37.978832","23.71161","72.83601379394531","","6.632","0.1607","2013-11-04T18:56:39.040Z","","",""
"1","390","37.978829","23.711607","72.84379577636719","","5.939","0.2258","2013-11-04T18:56:40.004Z","","",""
"1","391","37.978821","23.711602","73.0437240600586","202.0","5.731","0.2734","2013-11-04T18:56:43.006Z","","",""
"1","392","37.978821","23.711603","73.15569305419922","","5.724","0.1697","2013-11-04T18:56:43.997Z","","",""
"1","393","37.978826","23.71161","73.26837921142578","","5.718","0.1697","2013-11-04T18:56:45.999Z","","",""
"1","394","37.978831","23.711612","73.2806625366211","34.0","5.716","0.2925","2013-11-04T18:56:47.000Z","","",""
"1","395","37.978885","23.711548","75.33897399902344","","5.693","0.2363","2013-11-04T18:57:16.994Z","","",""
"1","396","37.978885","23.71155","75.34162902832031","","5.718","0.145","2013-11-04T18:57:18.008Z","","",""
"1","397","37.97889","23.71156","75.13317108154297","","5.705","0.2171","2013-11-04T18:57:21.997Z","","",""
"1","398","37.978893","23.711561","75.11661529541016","","5.706","0.2457","2013-11-04T18:57:22.992Z","","",""
"1","399","37.978861","23.711601","73.33798217773438","197.0","10.557","0.268","2013-11-04T18:57:52.963Z","","",""
"1","400","37.978861","23.711599","73.33800506591797","","8.975","0.2113","2013-11-04T18:57:53.967Z","","",""
"1","401","37.978862","23.711596","73.34290313720703","","8.33","0.178","2013-11-04T18:57:54.983Z","","",""
"1","402","37.978866","23.711591","73.34964752197266","","5.246","0.2328","2013-11-04T18:57:55.962Z","","",""
"1","403","37.978883","23.711572","73.68309783935547","328.0","7.259","0.3124","2013-11-04T18:58:03.002Z","","",""
"1","404","37.978883","23.71157","73.69190979003906","","6.276","0.2217","2013-11-04T18:58:04.000Z","","",""
"1","405","37.978884","23.711566","73.71593475341797","","5.751","0.2184","2013-11-04T18:58:06.012Z","","",""
"1","406","37.978885","23.711562","73.72623443603516","296.0","5.728","0.254","2013-11-04T18:58:07.024Z","","",""
"1","407","37.978898","23.71156","74.2088851928711","356.0","6.768","0.28","2013-11-04T18:58:12.018Z","","",""
"1","408","37.978899","23.711561","74.22388458251953","","7.551","0.2236","2013-11-04T18:58:13.087Z","","",""
"1","409","37.978902","23.711562","74.2778091430664","","7.309","0.1905","2013-11-04T18:58:16.013Z","","",""
"1","410","37.978908","23.711559","74.26170349121094","353.0","6.283","0.3466","2013-11-04T18:58:17.012Z","","",""
"1","411","37.978911","23.711559","74.25651550292969","352.0","5.874","0.3194","2013-11-04T18:58:17.991Z","","",""
"1","412","37.978911","23.711558","74.247314453125","","5.751","0.2222","2013-11-04T18:58:18.996Z","","",""
"1","413","37.978914","23.711555","74.12605285644531","335.0","5.722","0.2844","2013-11-04T18:58:19.999Z","","",""
"1","414","37.978915","23.711554","73.9952163696289","334.0","5.715","0.2524","2013-11-04T18:58:20.995Z","","",""
"1","415","37.978914","23.711558","73.8605728149414","","5.716","0.0978","2013-11-04T18:58:21.991Z","","",""
"1","416","37.978908","23.711564","73.72903442382813","127.0","5.715","0.2765","2013-11-04T18:58:22.987Z","","",""
"1","417","37.978875","23.711585","73.52718353271484","","5.848","0.2406","2013-11-04T18:58:30.986Z","","",""
"1","418","37.978875","23.711587","73.52913665771484","","5.767","0.1959","2013-11-04T18:58:32.011Z","","",""
"1","419","37.978882","23.7116","73.6031723022461","","7.851","0.1832","2013-11-04T18:58:44.962Z","","",""
"1","420","37.978887","23.7116","73.56410217285156","16.0","6.376","0.2608","2013-11-04T18:58:45.961Z","","",""
"1","421","37.978849","23.711687","73.95674896240234","133.0","7.983","0.5048","2013-11-04T18:59:05.996Z","","",""
"2","1","37.977864","23.715269","108.18163299560547","","48","","2013-11-04T20:18:08.972Z","","",""
"2","2","37.977914","23.715215","108.02452850341797","320.0","32","3.673","2013-11-04T20:18:10.971Z","","",""
"2","3","37.977949","23.715177","107.87727355957031","320.0","29.718","2.9095","2013-11-04T20:18:12.961Z","","",""
"2","4","37.978022","23.715124","107.59677124023438","328.0","21.09","2.4227","2013-11-04T20:18:16.262Z","","",""
"2","5","37.978033","23.715121","107.53485870361328","330.0","20.292","2.1681","2013-11-04T20:18:17.264Z","","",""
"2","6","37.978104","23.715189","106.92242431640625","21.0","17.718","0.9356","2013-11-04T20:18:27.249Z","","",""
"2","7","37.978107","23.715192","106.86991882324219","23.0","17.577","0.853","2013-11-04T20:18:28.250Z","","",""
"2","8","37.978018","23.715185","105.7334976196289","151.0","35.301","0.6438","2013-11-04T20:18:57.223Z","","",""
"2","9","37.977998","23.715199","105.15918731689453","151.0","33.176","1.1168","2013-11-04T20:18:58.210Z","","",""
"2","10","37.977924","23.715249","104.61256408691406","151.0","21.163","2.0359","2013-11-04T20:19:01.278Z","","",""
"2","11","37.97791","23.715255","104.56562042236328","153.0","20.145","1.952","2013-11-04T20:19:02.263Z","","",""
"2","12","37.977831","23.715269","104.337646484375","164.0","22.325","1.6304","2013-11-04T20:19:08.293Z","","",""
"2","13","37.977818","23.715272","104.29964447021484","165.0","20.284","1.6035","2013-11-04T20:19:09.253Z","","",""
"2","14","37.977729","23.71529","103.893310546875","168.0","22.314","1.0306","2013-11-04T20:19:19.276Z","","",""
"2","15","37.977721","23.715292","103.8499755859375","168.0","22.98","1.0058","2013-11-04T20:19:20.262Z","","",""
"2","16","37.977637","23.715268","103.08575439453125","200.0","17.548","0.5012","2013-11-04T20:19:36.263Z","","",""
"2","17","37.977632","23.715267","103.05036926269531","198.0","17.489","0.5038","2013-11-04T20:19:37.242Z","","",""
"2","18","37.97755","23.715244","102.47013092041016","198.0","19.085","0.6461","2013-11-04T20:19:52.224Z","","",""
"2","19","37.977543","23.71524","102.42669677734375","199.0","18.526","0.6824","2013-11-04T20:19:53.222Z","","",""
"2","20","37.977459","23.715215","101.99791717529297","193.0","17.488","0.9036","2013-11-04T20:20:03.262Z","","",""
"2","21","37.977452","23.715213","101.95005798339844","193.0","17.521","0.8846","2013-11-04T20:20:04.276Z","","",""
"2","22","37.977375","23.715194","101.034423828125","192.0","23.225","1.0128","2013-11-04T20:20:13.278Z","","",""
"2","23","37.97736","23.715194","100.58688354492188","189.0","23.499","1.116","2013-11-04T20:20:14.250Z","","",""
"2","24","37.977273","23.715206","100.40522003173828","178.0","27.222","1.5855","2013-11-04T20:20:19.231Z","","",""
"2","25","37.977254","23.715214","100.3714370727539","175.0","26.505","1.6674","2013-11-04T20:20:20.237Z","","",""
"2","26","37.97718","23.71527","99.68624114990234","160.0","20.542","0.9606","2013-11-04T20:20:30.217Z","","",""
"2","27","37.977152","23.715278","99.63420867919922","163.0","21.623","1.1531","2013-11-04T20:20:32.227Z","","",""
"2","28","37.977063","23.715288","99.5177001953125","171.0","18.167","1.6532","2013-11-04T20:20:37.247Z","","",""
"2","29","37.977049","23.715291","99.49956512451172","171.0","18.01","1.6403","2013-11-04T20:20:38.244Z","","",""
"2","30","37.976998","23.715215","99.13829040527344","","17.534","0.2452","2013-11-04T20:21:02.270Z","","",""
"2","31","37.977","23.715223","99.10655975341797","","17.515","0.08","2013-11-04T20:21:03.268Z","","",""
"2","32","37.977002","23.715232","99.04280853271484","","20.619","0.0997","2013-11-04T20:21:05.264Z","","",""
"2","33","37.976999","23.715244","98.75192260742188","102.0","19.42","0.2551","2013-11-04T20:21:06.266Z","","",""
"2","34","37.976937","23.715319","98.05130004882813","132.0","19.309","1.1651","2013-11-04T20:21:12.265Z","","",""
"2","35","37.976929","23.715339","98.03624725341797","128.0","18.58","1.2961","2013-11-04T20:21:13.241Z","","",""
"2","36","37.976864","23.715416","97.81961822509766","150.0","17.513","0.6769","2013-11-04T20:21:25.246Z","","",""
"2","37","37.976862","23.715416","97.81961822509766","154.0","17.454","0.6003","2013-11-04T20:21:26.224Z","","",""
"2","38","37.976859","23.715412","97.81961822509766","166.0","18.793","0.286","2013-11-04T20:21:30.215Z","","",""
"2","39","37.97686","23.71541","97.81961822509766","","18.451","0.2027","2013-11-04T20:21:31.224Z","","",""
"2","40","37.976899","23.715447","97.79328155517578","43.0","18.278","0.8963","2013-11-04T20:21:32.232Z","","",""
"2","41","37.976955","23.715498","97.79328155517578","38.0","18.029","1.8533","2013-11-04T20:21:34.221Z","","",""
"2","42","37.976973","23.715514","97.79328155517578","37.0","17.912","1.9697","2013-11-04T20:21:35.208Z","","",""
"2","43","37.977036","23.715586","97.60961151123047","56.0","19.351","1.3668","2013-11-04T20:21:43.195Z","","",""
"2","44","37.977038","23.715643","97.51937103271484","72.0","29.809","1.2503","2013-11-04T20:21:47.216Z","","",""
"2","45","37.977005","23.71573","97.29559326171875","100.0","20.242","1.6604","2013-11-04T20:21:51.190Z","","",""
"2","46","37.977002","23.715752","97.28223419189453","100.0","19.678","1.7183","2013-11-04T20:21:52.189Z","","",""
"2","47","37.977026","23.715854","97.07379150390625","73.0","18.069","0.9944","2013-11-04T20:22:01.248Z","","",""
"2","48","37.977032","23.715866","96.85697937011719","70.0","17.935","1.0191","2013-11-04T20:22:02.260Z","","",""
"2","49","37.977039","23.715964","96.3340072631836","82.0","17.615","1.6472","2013-11-04T20:22:06.266Z","","",""
"2","50","37.977035","23.71599","96.25702667236328","86.0","17.515","1.7569","2013-11-04T20:22:07.240Z","","",""
"2","51","37.97704","23.716102","95.98307037353516","85.0","17.45","1.6508","2013-11-04T20:22:13.237Z","","",""
"2","52","37.977044","23.71612","95.96415710449219","84.0","17.513","1.6365","2013-11-04T20:22:14.261Z","","",""
"2","53","37.97712","23.716166","95.78365325927734","32.0","17.618","1.0941","2013-11-04T20:22:22.253Z","","",""
"2","54","37.977128","23.716164","95.7579574584961","26.0","17.533","1.0224","2013-11-04T20:22:23.248Z","","",""
"2","55","37.97714","23.716266","94.87858581542969","81.0","17.464","1.3514","2013-11-04T20:22:31.209Z","","",""
"2","56","37.977139","23.716291","94.85708618164063","84.0","17.498","1.4915","2013-11-04T20:22:32.222Z","","",""
"2","57","37.977141","23.716388","94.06720733642578","87.0","17.465","1.85","2013-11-04T20:22:36.205Z","","",""
"2","58","37.977141","23.71641","94.03984069824219","87.0","17.47","1.878","2013-11-04T20:22:37.206Z","","",""
"2","59","37.977196","23.716498","93.3511734008789","62.0","17.545","0.9093","2013-11-04T20:22:48.289Z","","",""
"2","60","37.977194","23.716512","93.33525848388672","71.0","17.47","0.9281","2013-11-04T20:22:49.260Z","","",""
"2","61","37.977171","23.716604","93.0154800415039","98.0","17.477","1.4055","2013-11-04T20:22:54.271Z","","",""
"2","62","37.977166","23.716633","92.85919952392578","99.0","17.514","1.6187","2013-11-04T20:22:55.286Z","","",""
"2","63","37.977152","23.71673","92.34695434570313","99.0","17.524","2.169","2013-11-04T20:22:58.296Z","","",""
"2","64","37.977148","23.716762","92.1918716430664","99.0","17.473","2.2919","2013-11-04T20:22:59.279Z","","",""
"2","65","37.977134","23.716868","91.92013549804688","99.0","17.483","1.9519","2013-11-04T20:23:04.315Z","","",""
"2","66","37.977134","23.716877","91.90471649169922","98.0","17.468","1.7428","2013-11-04T20:23:05.307Z","","",""
"2","67","37.977198","23.716954","91.92158508300781","60.0","17.41","1.1193","2013-11-04T20:23:18.225Z","","",""
"2","68","37.977203","23.716972","91.93395233154297","62.0","17.423","1.2081","2013-11-04T20:23:19.223Z","","",""
"2","69","37.977199","23.717084","92.2330551147461","85.0","23.587","1.8821","2013-11-04T20:23:23.229Z","","",""
"2","70","37.977188","23.717122","92.24156951904297","92.0","24.101","2.1215","2013-11-04T20:23:24.228Z","","",""
"2","71","37.977153","23.7172","92.25511169433594","103.0","19.67","2.5673","2013-11-04T20:23:26.955Z","","",""
"2","72","37.977143","23.717227","92.26195526123047","105.0","18.794","2.5473","2013-11-04T20:23:27.970Z","","",""
"2","73","37.977166","23.717334","92.27983093261719","110.0","17.473","0.584","2013-11-04T20:23:46.935Z","","",""
"2","74","37.977162","23.717343","92.28120422363281","111.0","17.486","0.6279","2013-11-04T20:23:47.940Z","","",""
"2","75","37.97714","23.717444","92.18650817871094","105.0","20.933","0.9942","2013-11-04T20:23:56.933Z","","",""
"2","76","37.977136","23.717464","92.13683319091797","104.0","22.225","1.127","2013-11-04T20:23:57.946Z","","",""
"2","77","37.977124","23.717564","92.14657592773438","100.0","18.731","1.8955","2013-11-04T20:24:00.972Z","","",""
"2","78","37.977122","23.717595","92.17068481445313","99.0","18.284","2.0486","2013-11-04T20:24:01.970Z","","",""
"2","79","37.977112","23.717697","92.39617919921875","98.0","17.741","2.4671","2013-11-04T20:24:04.980Z","","",""
"2","80","37.977107","23.717729","92.4727783203125","98.0","17.633","2.5423","2013-11-04T20:24:05.966Z","","",""
"2","81","37.977078","23.717819","92.96786499023438","105.0","18.616","2.6629","2013-11-04T20:24:08.950Z","","",""
"2","82","37.977061","23.717839","92.98470306396484","110.0","18.181","2.5976","2013-11-04T20:24:09.944Z","","",""
"2","83","37.977009","23.717918","94.01174926757813","119.0","17.568","2.3458","2013-11-04T20:24:13.966Z","","",""
"2","84","37.976999","23.717938","94.257080078125","120.0","17.524","2.3013","2013-11-04T20:24:14.966Z","","",""
"2","85","37.976941","23.718024","95.09620666503906","127.0","17.5","1.7325","2013-11-04T20:24:20.944Z","","",""
"2","86","37.976939","23.718024","95.10701751708984","128.0","17.49","1.4595","2013-11-04T20:24:21.942Z","","",""
"2","87","37.977","23.718101","95.282470703125","59.0","17.587","0.7837","2013-11-04T20:24:37.942Z","","",""
"2","88","37.977003","23.718111","95.29486083984375","61.0","17.547","0.8073","2013-11-04T20:24:38.943Z","","",""
"2","89","37.977006","23.718217","96.2359619140625","86.0","17.45","1.2883","2013-11-04T20:24:45.904Z","","",""
"2","90","37.977002","23.71824","96.25361633300781","91.0","17.467","1.4068","2013-11-04T20:24:46.907Z","","",""
"2","91","37.976971","23.71834","96.65086364746094","104.0","17.451","1.8752","2013-11-04T20:24:50.905Z","","",""
"2","92","37.976963","23.718356","96.66436004638672","107.0","17.432","1.8372","2013-11-04T20:24:51.891Z","","",""
"2","93","37.976922","23.718455","96.9656982421875","112.0","17.52","0.83","2013-11-04T20:25:03.953Z","","",""
"2","94","37.976738","23.718447","73.98487091064453","","48","","2013-11-04T22:12:28.489Z","","",""
"2","95","37.976817","23.718438","75.82845306396484","356.0","18.393","0.9484","2013-11-04T22:12:41.481Z","","",""
"2","96","37.976831","23.71844","75.88957977294922","359.0","18.081","1.0682","2013-11-04T22:12:42.457Z","","",""
"2","97","37.976903","23.718498","76.30033874511719","35.0","17.444","1.1342","2013-11-04T22:12:50.457Z","","",""
"2","98","37.976907","23.71851","76.30033874511719","40.0","17.516","1.1067","2013-11-04T22:12:51.484Z","","",""
"2","99","37.976888","23.71862","79.01084899902344","98.0","10.879","1.4899","2013-11-04T22:13:00.528Z","","",""
"2","100","37.976883","23.71864","79.01084899902344","100.0","10.394","1.5491","2013-11-04T22:13:01.534Z","","",""
"2","101","37.976856","23.718746","81.7363052368164","103.0","7.963","1.1656","2013-11-04T22:13:11.532Z","","",""
"2","102","37.976854","23.71876","81.96298217773438","103.0","9.755","1.1897","2013-11-04T22:13:12.539Z","","",""
"2","103","37.976827","23.718859","83.4013442993164","109.0","7.972","1.4071","2013-11-04T22:13:18.549Z","","",""
"2","104","37.976824","23.718871","83.4013442993164","109.0","7.934","1.3442","2013-11-04T22:13:19.516Z","","",""
"2","105","37.976822","23.718877","83.4013442993164","","7.982","0.2366","2013-11-04T22:13:24.529Z","","",""
"2","106","37.976822","23.718874","83.4013442993164","","8.067","0.1051","2013-11-04T22:13:25.604Z","","",""
"2","107","37.976824","23.718868","83.4013442993164","","7.922","0.0562","2013-11-04T22:13:30.522Z","","",""
"2","108","37.976818","23.718896","84.9076919555664","104.0","8.041","0.6612","2013-11-04T22:13:31.598Z","","",""
"2","109","37.976809","23.718938","84.9076919555664","105.0","8.05","0.292","2013-11-04T22:13:38.616Z","","",""
"2","110","37.97681","23.718936","84.9076919555664","","7.994","0.1688","2013-11-04T22:13:39.602Z","","",""
"2","111","37.976808","23.718957","84.75717163085938","96.0","7.992","0.6484","2013-11-04T22:13:40.603Z","","",""
"2","112","37.976796","23.719066","84.95236206054688","98.0","9.968","0.7624","2013-11-04T22:13:52.591Z","","",""
"2","113","37.976793","23.719089","85.20964813232422","98.0","10.035","1.0773","2013-11-04T22:13:53.597Z","","",""
"2","114","37.976783","23.719171","85.7735366821289","99.0","10.068","1.9376","2013-11-04T22:13:56.599Z","","",""
"2","115","37.976777","23.719213","85.84120178222656","99.0","10.008","2.3826","2013-11-04T22:13:57.568Z","","",""
"2","116","37.976764","23.719289","85.9732666015625","100.0","10.087","2.7607","2013-11-04T22:13:59.603Z","","",""
"2","117","37.976756","23.719325","86.21822357177734","102.0","10.108","2.8677","2013-11-04T22:14:00.628Z","","",""
"2","118","37.976732","23.719426","86.40948486328125","105.0","8.242","3.6945","2013-11-04T22:14:02.567Z","","",""
"2","119","37.976718","23.719476","86.43260955810547","106.0","8.046","3.9621","2013-11-04T22:14:03.563Z","","",""
"2","120","37.976691","23.719567","86.4304428100586","108.0","7.963","4.085","2013-11-04T22:14:05.556Z","","",""
"2","121","37.976683","23.719591","86.4304428100586","109.0","7.989","3.5595","2013-11-04T22:14:06.568Z","","",""
"2","122","37.976663","23.719678","86.20250701904297","107.0","7.962","3.0045","2013-11-04T22:14:09.552Z","","",""
"2","123","37.976658","23.719709","86.16394805908203","105.0","7.976","2.9362","2013-11-04T22:14:10.562Z","","",""
"2","124","37.97663","23.719805","86.11483764648438","109.0","7.966","2.2938","2013-11-04T22:14:14.548Z","","",""
"2","125","37.976624","23.719827","86.06475830078125","109.0","10.09","2.2206","2013-11-04T22:14:15.543Z","","",""
"2","126","37.976579","23.719921","86.0025863647461","114.0","9.568","1.747","2013-11-04T22:14:21.535Z","","",""
"2","127","37.976574","23.71994","85.89828491210938","112.0","11.423","1.7359","2013-11-04T22:14:22.546Z","","",""
"2","128","37.97656","23.720049","85.714599609375","102.0","14.187","1.6293","2013-11-04T22:14:28.530Z","","",""
"2","129","37.976557","23.720067","85.64918518066406","102.0","14.059","1.6336","2013-11-04T22:14:29.557Z","","",""
"2","130","37.976551","23.720159","85.2236557006836","96.0","8.59","1.8926","2013-11-04T22:14:33.539Z","","",""
"2","131","37.976551","23.720182","85.11392211914063","94.0","8.135","1.9475","2013-11-04T22:14:34.516Z","","",""
"2","132","37.976553","23.720276","84.6697998046875","90.0","8.005","2.0048","2013-11-04T22:14:38.524Z","","",""
"2","133","37.976552","23.720298","84.56753540039063","90.0","8.022","1.9935","2013-11-04T22:14:39.541Z","","",""
"2","134","37.97654","23.720406","84.11107635498047","97.0","10.043","1.9233","2013-11-04T22:14:44.531Z","","",""
"2","135","37.976538","23.720419","84.11107635498047","98.0","10.048","1.7286","2013-11-04T22:14:45.532Z","","",""
"2","136","37.976515","23.720516","83.1971206665039","106.0","8.822","1.4754","2013-11-04T22:14:52.592Z","","",""
"2","137","37.976509","23.720534","83.04818725585938","108.0","8.262","1.5387","2013-11-04T22:14:53.573Z","","",""
"2","138","37.976482","23.720627","82.43578338623047","107.0","7.954","1.6966","2013-11-04T22:14:58.560Z","","",""
"2","139","37.976479","23.720645","82.44337463378906","106.0","7.964","1.677","2013-11-04T22:14:59.559Z","","",""
"2","140","37.976486","23.720748","82.33642578125","80.0","14.142","1.099","2013-11-04T22:15:08.599Z","","",""
"2","141","37.976494","23.720759","82.2715072631836","72.0","11.891","1.1159","2013-11-04T22:15:09.586Z","","",""
"2","142","37.976529","23.720847","82.10446166992188","64.0","14.647","1.3549","2013-11-04T22:15:15.578Z","","",""
"2","143","37.976538","23.720862","82.08573913574219","61.0","14.274","1.4079","2013-11-04T22:15:16.592Z","","",""
"2","144","37.9766","23.720938","81.67403411865234","43.0","8.584","1.5037","2013-11-04T22:15:22.600Z","","",""
"2","145","37.976607","23.720943","81.67403411865234","40.0","8.163","1.3344","2013-11-04T22:15:23.600Z","","",""
"2","146","37.976689","23.720983","81.23478698730469","24.0","10.47","1.6089","2013-11-04T22:15:29.620Z","","",""
"2","147","37.976703","23.72099","81.08383178710938","23.0","12.458","1.626","2013-11-04T22:15:30.585Z","","",""
"2","148","37.976783","23.721017","80.5671157836914","18.0","9.7","1.753","2013-11-04T22:15:35.565Z","","",""
"2","149","37.976796","23.721022","80.47649383544922","17.0","8.802","1.6866","2013-11-04T22:15:36.601Z","","",""
"2","150","37.976876","23.721055","80.07064056396484","18.0","10.355","1.6132","2013-11-04T22:15:42.508Z","","",""
"2","151","37.976885","23.721072","80.04928588867188","28.0","8.941","1.6034","2013-11-04T22:15:43.499Z","","",""
"2","152","37.976879","23.721171","80.19331359863281","94.0","8.001","1.3732","2013-11-04T22:15:49.514Z","","",""
"2","153","37.976871","23.721188","80.0888900756836","102.0","7.985","1.4256","2013-11-04T22:15:50.508Z","","",""
"2","154","37.976832","23.721279","80.4939956665039","114.0","12.864","1.5755","2013-11-04T22:15:56.499Z","","",""
"2","155","37.976826","23.721298","80.623779296875","114.0","13.399","1.6352","2013-11-04T22:15:57.494Z","","",""
"2","156","37.976791","23.721392","81.16798400878906","116.0","8.951","1.7284","2013-11-04T22:16:02.553Z","","",""
"2","157","37.976779","23.721413","81.25007629394531","119.0","8.289","1.8489","2013-11-04T22:16:03.540Z","","",""
"2","158","37.976731","23.721496","81.73538970947266","124.0","8.015","2.1448","2013-11-04T22:16:07.544Z","","",""
"2","159","37.97672","23.721516","81.90521240234375","124.0","8.031","2.1306","2013-11-04T22:16:08.565Z","","",""
"2","160","37.976677","23.721607","83.14613342285156","121.0","7.947","1.8896","2013-11-04T22:16:13.525Z","","",""
"2","161","37.976673","23.721617","83.14613342285156","121.0","7.968","1.6235","2013-11-04T22:16:14.534Z","","",""
"2","162","37.976638","23.721715","85.9212417602539","115.0","7.946","1.2677","2013-11-04T22:16:23.520Z","","",""
"2","163","37.97663","23.72173","86.11986541748047","118.0","7.983","1.3348","2013-11-04T22:16:24.541Z","","",""
"2","164","37.976567","23.721809","87.05485534667969","133.0","10.06","1.4611","2013-11-04T22:16:31.508Z","","",""
"2","165","37.976557","23.721822","87.11890411376953","133.0","10.057","1.492","2013-11-04T22:16:32.499Z","","",""
"2","166","37.976514","23.7219","86.79904174804688","121.0","9.843","0.278","2013-11-04T22:16:43.516Z","","",""
"2","167","37.976516","23.721898","86.79904174804688","","9.943","0.1507","2013-11-04T22:16:44.490Z","","",""
"2","168","37.976518","23.721892","86.79904174804688","","8.247","0.0341","2013-11-04T22:16:46.489Z","","",""
"2","169","37.97651","23.721895","86.06166076660156","","8.059","0.23","2013-11-04T22:16:47.503Z","","",""
"2","170","37.976497","23.721899","86.06166076660156","","9.99","0.2378","2013-11-04T22:16:52.482Z","","",""
"2","171","37.976497","23.721899","86.06166076660156","","10.044","0.1831","2013-11-04T22:16:53.317Z","","",""
"2","172","37.976498","23.721899","86.06166076660156","","10.079","0.0885","2013-11-04T22:16:55.341Z","","",""
"2","173","37.976492","23.721901","85.96482849121094","","10.007","0.2288","2013-11-04T22:16:56.304Z","","",""
"2","174","37.976423","23.721966","85.10637664794922","142.0","13.555","1.3388","2013-11-04T22:17:02.334Z","","",""
"2","175","37.976399","23.721993","84.89933013916016","140.0","9.764","1.798","2013-11-04T22:17:03.336Z","","",""
"2","176","37.976344","23.722059","83.84674835205078","136.0","9.075","1.5063","2013-11-04T22:17:08.334Z","","",""
"2","177","37.976334","23.722074","83.26013946533203","134.0","8.415","1.5602","2013-11-04T22:17:09.334Z","","",""
"2","178","37.97629","23.72215","82.26993560791016","127.0","10.243","1.8945","2013-11-04T22:17:13.332Z","","",""
"2","179","37.976282","23.722169","81.88829803466797","125.0","10.211","1.8944","2013-11-04T22:17:14.329Z","","",""
"2","180","37.976258","23.722264","80.2662353515625","110.0","12.547","1.5184","2013-11-04T22:17:20.349Z","","",""
"2","181","37.976259","23.722287","80.02630615234375","103.0","11.295","1.6113","2013-11-04T22:17:21.328Z","","",""
"2","182","37.97625","23.722388","78.81968688964844","99.0","10.069","2.016","2013-11-04T22:17:25.316Z","","",""
"2","183","37.976247","23.722403","78.81968688964844","100.0","10.065","1.8609","2013-11-04T22:17:26.326Z","","",""
"2","184","37.9762","23.722489","77.10560607910156","120.0","10.037","1.5079","2013-11-04T22:17:32.300Z","","",""
"2","185","37.976193","23.722498","76.55896759033203","124.0","8.811","1.406","2013-11-04T22:17:33.323Z","","",""
"2","186","37.976161","23.7226","74.13976287841797","114.0","7.961","0.7584","2013-11-04T22:17:46.285Z","","",""
"2","187","37.976159","23.72261","73.55072784423828","111.0","7.981","0.7884","2013-11-04T22:17:47.297Z","","",""
"2","188","37.97613","23.722714","70.8067398071289","116.0","10.015","0.6586","2013-11-04T22:17:59.276Z","","",""
"2","189","37.976128","23.722717","70.8067398071289","117.0","10.157","0.5797","2013-11-04T22:18:00.358Z","","",""
"2","190","37.976099","23.722806","67.48946380615234","112.0","10.047","1.2666","2013-11-04T22:18:07.325Z","","",""
"2","191","37.976093","23.722824","67.05531311035156","112.0","10.052","1.3656","2013-11-04T22:18:08.326Z","","",""
"2","192","37.976042","23.722913","65.03195190429688","125.0","10.849","1.3345","2013-11-04T22:18:15.323Z","","",""
"2","193","37.976033","23.72293","64.74654388427734","125.0","10.395","1.4382","2013-11-04T22:18:16.312Z","","",""
"2","194","37.97601","23.723026","63.58957290649414","107.0","10.055","1.4708","2013-11-04T22:18:22.305Z","","",""
"2","195","37.976009","23.723047","63.48728561401367","102.0","10.059","1.5459","2013-11-04T22:18:23.305Z","","",""
"2","196","37.976004","23.723147","63.42467498779297","96.0","11.383","1.9851","2013-11-04T22:18:27.316Z","","",""
"2","197","37.976003","23.723172","63.52313995361328","95.0","12.393","2.0493","2013-11-04T22:18:28.296Z","","",""
"2","198","37.975999","23.723283","64.0160903930664","93.0","13.813","2.2867","2013-11-04T22:18:32.292Z","","",""
"2","199","37.975997","23.723311","64.20401000976563","94.0","13.862","2.3267","2013-11-04T22:18:33.297Z","","",""
"2","200","37.975991","23.7234","64.89435577392578","94.0","11.633","2.485","2013-11-04T22:18:36.286Z","","",""
"2","201","37.975989","23.72343","65.07210540771484","94.0","12.343","2.5069","2013-11-04T22:18:37.288Z","","",""
"2","202","37.975994","23.72352","65.39187622070313","89.0","11.54","2.568","2013-11-04T22:18:40.302Z","","",""
"2","203","37.975998","23.72355","65.46417999267578","87.0","10.681","2.5919","2013-11-04T22:18:41.292Z","","",""
"2","204","37.976016","23.723641","65.67542266845703","80.0","10.076","2.6542","2013-11-04T22:18:44.292Z","","",""
"2","205","37.976023","23.723672","65.84867858886719","79.0","10.075","2.696","2013-11-04T22:18:45.291Z","","",""
"2","206","37.976038","23.723769","66.80133819580078","79.0","10.076","2.8096","2013-11-04T22:18:48.281Z","","",""
"2","207","37.976041","23.723801","67.25182342529297","80.0","10.081","2.8057","2013-11-04T22:18:49.288Z","","",""
"2","208","37.976016","23.723904","69.52359008789063","106.0","14.385","1.3784","2013-11-04T22:18:58.279Z","","",""
"2","209","37.976003","23.723931","69.61349487304688","111.0","11.906","1.655","2013-11-04T22:18:59.273Z","","",""
"2","210","37.975964","23.724014","69.86763000488281","117.0","11.507","1.8954","2013-11-04T22:19:03.357Z","","",""
"2","211","37.975957","23.724033","70.00531005859375","117.0","10.795","1.894","2013-11-04T22:19:04.339Z","","",""
"2","212","37.975933","23.724123","70.72297668457031","108.0","10.052","1.6908","2013-11-04T22:19:09.331Z","","",""
"2","213","37.97593","23.724142","70.84465789794922","106.0","11.448","1.6878","2013-11-04T22:19:10.361Z","","",""
"2","214","37.975947","23.72424","71.0598373413086","83.0","10.333","1.6902","2013-11-04T22:19:15.310Z","","",""
"2","215","37.975954","23.724258","71.0990982055664","79.0","10.127","1.6782","2013-11-04T22:19:16.313Z","","",""
"2","216","37.976012","23.724321","71.19134521484375","47.0","12.078","1.663","2013-11-04T22:19:21.335Z","","",""
"2","217","37.976024","23.724337","71.2790756225586","47.0","13.891","1.7002","2013-11-04T22:19:22.342Z","","",""
"2","218","37.976054","23.724393","71.63040924072266","53.0","17.37","0.3859","2013-11-04T22:19:32.331Z","","",""
"2","219","37.976047","23.724382","71.63040924072266","","12.638","0.1081","2013-11-04T22:19:33.288Z","","",""
"2","220","37.976048","23.724368","71.90904235839844","","10.11","0.1954","2013-11-04T22:19:41.292Z","","",""
"2","221","37.976055","23.724361","71.75757598876953","321.0","10.113","0.4163","2013-11-04T22:19:42.305Z","","",""
"2","222","37.976076","23.724362","72.29570007324219","14.0","11.653","0.2585","2013-11-04T22:19:49.276Z","","",""
"2","223","37.976076","23.724364","72.29570007324219","","12.562","0.2186","2013-11-04T22:19:50.280Z","","",""
"2","224","37.976077","23.724378","73.74418640136719","","23.583","0.2229","2013-11-04T22:19:56.286Z","","",""
"2","225","37.976077","23.724388","73.74418640136719","81.0","21.003","0.3214","2013-11-04T22:19:57.259Z","","",""
"2","226","37.976076","23.724403","73.74418640136719","87.0","17.825","0.2578","2013-11-04T22:20:02.322Z","","",""
"2","227","37.976076","23.7244","73.74418640136719","","12.798","0.1749","2013-11-04T22:20:03.341Z","","",""
"2","228","37.976075","23.724406","74.02613830566406","","17.388","0.1309","2013-11-04T22:20:15.319Z","","",""
"2","229","37.976073","23.724422","74.09587860107422","98.0","17.425","0.344","2013-11-04T22:20:16.312Z","","",""
"2","230","37.976058","23.724526","74.39299011230469","100.0","16.358","0.8872","2013-11-04T22:20:24.304Z","","",""
"2","231","37.976053","23.724535","74.86711120605469","104.0","16.881","0.8867","2013-11-04T22:20:25.304Z","","",""
"2","232","37.97601","23.724618","75.94117736816406","118.0","14.333","1.6972","2013-11-04T22:20:29.289Z","","",""
"2","233","37.975998","23.724643","76.29442596435547","119.0","15.287","1.8637","2013-11-04T22:20:30.286Z","","",""
"2","234","37.975957","23.724723","77.52709197998047","121.0","17.053","2.3013","2013-11-04T22:20:33.292Z","","",""
"2","235","37.975933","23.724775","77.9121322631836","121.0","12.606","2.8523","2013-11-04T22:20:34.279Z","","",""
"2","236","37.975894","23.72486","78.73545837402344","120.0","10.413","3.3918","2013-11-04T22:20:36.279Z","","",""
"2","237","37.975874","23.724898","79.18697357177734","121.0","10.177","3.5167","2013-11-04T22:20:37.278Z","","",""
"2","238","37.975864","23.724859","80.38457489013672","","48","","2013-11-04T22:21:05.362Z","","",""
"2","239","37.975779","23.725656","80.5888442993164","97.0","44.633","50.8699","2013-11-04T22:21:06.328Z","","",""
"2","240","37.975754","23.725894","80.5888442993164","97.0","41.654","35.5397","2013-11-04T22:21:07.342Z","","",""
"2","241","37.975734","23.726085","80.5888442993164","97.0","49.835","28.5477","2013-11-04T22:21:08.329Z","","",""
"2","242","37.975745","23.725982","80.5888442993164","97.0","39.512","17.4887","2013-11-04T22:21:09.318Z","","",""
"2","243","37.975816","23.725951","80.85942077636719","88.0","27.229","12.3775","2013-11-04T22:21:10.314Z","","",""
"2","244","37.975838","23.726027","80.92826843261719","86.0","28.122","11.0663","2013-11-04T22:21:11.322Z","","",""
"2","245","37.975876","23.726321","80.92852020263672","83.0","46.87","8.5504","2013-11-04T22:21:15.310Z","","",""
"2","246","37.976025","23.726172","81.3523941040039","59.0","27.529","6.2696","2013-11-04T22:21:16.306Z","","",""
"2","247","37.976089","23.726177","81.3523941040039","49.0","23.904","4.9642","2013-11-04T22:21:18.311Z","","",""
"2","248","37.976117","23.726171","82.027587890625","41.0","21.664","4.2894","2013-11-04T22:21:19.341Z","","",""
"2","249","37.976185","23.726109","84.21724700927734","2.0","17.974","2.0976","2013-11-04T22:21:24.299Z","","",""
"2","250","37.976206","23.726086","84.69559478759766","353.0","15.989","2.1572","2013-11-04T22:21:25.303Z","","",""
"2","251","37.976204","23.726187","90.44937133789063","124.0","10.07","1.5469","2013-11-04T22:21:38.301Z","","",""
"2","252","37.976193","23.726203","90.86845397949219","126.0","10.052","1.6146","2013-11-04T22:21:39.293Z","","",""
"2","253","37.976146","23.726293","93.7194595336914","124.0","11.429","1.2987","2013-11-04T22:21:46.307Z","","",""
"2","254","37.97614","23.7263","94.34471130371094","125.0","10.75","1.1944","2013-11-04T22:21:47.291Z","","",""
"2","255","37.976081","23.726372","96.46211242675781","135.0","10.057","1.3082","2013-11-04T22:21:54.294Z","","",""
"2","256","37.976065","23.726386","96.74530029296875","139.0","8.799","1.5237","2013-11-04T22:21:55.295Z","","",""
"2","257","37.976002","23.726449","99.0223388671875","135.0","7.975","1.0423","2013-11-04T22:22:03.327Z","","",""
"2","258","37.975992","23.726467","99.2747802734375","132.0","7.969","1.3004","2013-11-04T22:22:04.320Z","","",""
"2","259","37.975942","23.726561","100.6209487915039","123.0","9.965","1.5005","2013-11-04T22:22:10.318Z","","",""
"2","260","37.975936","23.726573","100.6209487915039","122.0","11.369","1.4092","2013-11-04T22:22:11.336Z","","",""
"2","261","37.975935","23.726587","101.9595718383789","113.0","10.04","0.2899","2013-11-04T22:22:18.311Z","","",""
"2","262","37.975936","23.726585","101.9595718383789","","10.062","0.1867","2013-11-04T22:22:19.319Z","","",""
"2","263","37.975933","23.726592","103.37002563476563","112.0","10.038","0.2984","2013-11-04T22:22:20.301Z","","",""
"2","264","37.975922","23.726633","103.5589370727539","109.0","8.008","0.3162","2013-11-04T22:22:26.320Z","","",""
"2","265","37.975922","23.726632","103.5589370727539","","7.971","0.2019","2013-11-04T22:22:27.300Z","","",""
"2","266","37.97592","23.726635","104.18207550048828","","33.315","0.1671","2013-11-04T22:22:46.283Z","","",""
"2","267","37.975914","23.726648","104.23404693603516","121.0","26.046","0.4815","2013-11-04T22:22:47.282Z","","",""
"2","268","37.975875","23.726745","104.55110168457031","116.0","19.04","0.9244","2013-11-04T22:22:56.272Z","","",""
"2","269","37.975871","23.726756","104.59173583984375","115.0","20.201","0.9538","2013-11-04T22:22:57.244Z","","",""
"2","270","37.975852","23.726858","104.52232360839844","104.0","18.789","1.2681","2013-11-04T22:23:04.332Z","","",""
"2","271","37.975849","23.726885","104.5228042602539","103.0","18.096","1.4465","2013-11-04T22:23:05.304Z","","",""
"2","272","37.975833","23.726994","104.65562438964844","101.0","21.786","1.7526","2013-11-04T22:23:10.296Z","","",""
"2","273","37.975829","23.727015","104.78889465332031","101.0","22.66","1.7763","2013-11-04T22:23:11.300Z","","",""
"2","274","37.975808","23.727103","104.94389343261719","104.0","19.263","2.15","2013-11-04T22:23:14.309Z","","",""
"2","275","37.975802","23.727125","104.94389343261719","104.0","18.399","2.1377","2013-11-04T22:23:15.295Z","","",""
"2","276","37.975791","23.727169","104.94389343261719","105.0","19.77","1.2869","2013-11-04T22:23:20.283Z","","",""
"2","277","37.975138","23.729018","111.2568359375","113.0","47.999","175.833","2013-11-04T22:24:42.973Z","","",""
"2","278","37.97505","23.729272","111.30902099609375","113.0","44.763","68.8803","2013-11-04T22:24:43.946Z","","",""
"2","279","37.975121","23.729206","109.66011810302734","103.0","17.361","2.8241","2013-11-04T22:24:51.940Z","","",""
"2","280","37.975126","23.729199","109.66011810302734","100.0","15.844","2.1453","2013-11-04T22:24:52.930Z","","",""
"2","281","37.975205","23.72916","108.385009765625","3.0","10.122","1.4391","2013-11-04T22:24:59.916Z","","",""
"2","282","37.975222","23.72916","108.385009765625","2.0","10.241","1.5402","2013-11-04T22:25:00.999Z","","",""
"2","283","37.975308","23.729185","107.759033203125","16.0","10.061","1.2825","2013-11-04T22:25:07.982Z","","",""
"2","284","37.975318","23.729194","107.6769790649414","20.0","10.047","1.2724","2013-11-04T22:25:08.975Z","","",""
"2","285","37.975339","23.729301","107.48786926269531","83.0","14.808","1.0444","2013-11-04T22:25:17.966Z","","",""
"2","286","37.975335","23.729316","107.44365692138672","89.0","15.831","1.0928","2013-11-04T22:25:18.966Z","","",""
"2","287","37.975307","23.72937","107.38131713867188","117.0","17.414","0.3786","2013-11-04T22:25:28.957Z","","",""
"2","288","37.975309","23.729361","107.38131713867188","","12.67","0.173","2013-11-04T22:25:29.948Z","","",""
"2","289","37.975304","23.729356","104.39027404785156","","10.056","0.2081","2013-11-04T22:25:56.927Z","","",""
"2","290","37.975292","23.729361","103.82136535644531","161.0","10.099","0.4796","2013-11-04T22:25:57.950Z","","",""
"2","291","37.975237","23.729441","100.63770294189453","127.0","10.034","1.1448","2013-11-04T22:26:04.940Z","","",""
"2","292","37.975234","23.729451","98.96835327148438","124.0","10.058","1.0838","2013-11-04T22:26:05.949Z","","",""
"2","293","37.975221","23.729553","95.73320007324219","101.0","10.048","1.4148","2013-11-04T22:26:12.962Z","","",""
"2","294","37.975218","23.729574","95.34881591796875","101.0","10.025","1.5332","2013-11-04T22:26:13.944Z","","",""
"2","295","37.975192","23.729678","94.06855010986328","107.0","11.197","1.8098","2013-11-04T22:26:18.944Z","","",""
"2","296","37.975182","23.729699","93.94342041015625","111.0","10.558","1.8777","2013-11-04T22:26:19.934Z","","",""
"2","297","37.975135","23.729763","93.43064880371094","125.0","10.068","2.2313","2013-11-04T22:26:22.944Z","","",""
"2","298","37.975114","23.729783","93.16319274902344","130.0","10.036","2.3897","2013-11-04T22:26:23.930Z","","",""
"2","299","37.975042","23.729845","92.32568359375","140.0","10.124","2.8357","2013-11-04T22:26:26.970Z","","",""
"2","300","37.975016","23.729862","92.32568359375","144.0","10.042","2.9461","2013-11-04T22:26:27.934Z","","",""
"2","301","37.974948","23.729917","91.85971069335938","146.0","20.123","2.446","2013-11-04T22:31:35.174Z","","",""
